iter	RMSE
0	35324227.75
1	32847655.55
2	30946213.54
3	28952569.38
4	27130348.3
5	25632789.05
6	24180883.29
7	22945891.49
8	21775842.31
9	20648798.91
10	19654670.41
11	18819002.13
12	17960244.84
13	17202592.04
14	16618151.77
15	15965356.56
16	15423495
17	14882577.58
18	14441458.16
19	14000406.96
20	13564218.02
21	13158862.49
22	12782743.93
23	12455288.86
24	12170582.64
25	11866423.14
26	11609779.49
27	11323365.47
28	11068859.54
29	10805135.68
30	10588921.96
31	10364110.84
32	10170786.46
33	10001238.22
34	9809753.503
35	9626434.987
36	9454554.189
37	9293594.169
38	9112007.287
39	8951546.692
40	8801184.79
41	8653131.769
42	8548916.69
43	8413855.377
44	8288992.056
45	8157572.368
46	8007172.943
47	7899735.258
48	7788524.737
49	7676255.974
50	7568370.44
51	7461721.601
52	7366490.928
53	7279181.67
54	7193726.512
55	7109745.37
56	7035272.435
57	6953105.682
58	6871950.156
59	6794302.599
60	6731945.778
61	6660755.511
62	6594160.171
63	6520008.316
64	6476793.476
65	6406201.872
66	6350549.448
67	6308864.612
68	6254905.602
69	6205765.045
70	6141930.251
71	6086870.778
72	6045695.7
73	5974125.954
74	5931314.489
75	5890271.043
76	5834754.396
77	5768406.182
78	5730952.474
79	5692463.518
80	5654815.71
81	5608620.737
82	5570603.563
83	5533238.085
84	5501317.102
85	5458668.337
86	5421709.03
87	5373800.352
88	5350133.724
89	5312465.077
90	5270330.306
91	5235155.195
92	5209949.446
93	5184193.877
94	5158333.107
95	5134360.813
96	5103418.386
97	5078049.265
98	5035007.781
99	5013010.287
100	4977873.881
101	4948321.626
102	4914235.056
103	4893431.104
104	4870161.943
105	4844689.139
106	4826672.974
107	4796501.854
108	4771593.51
109	4733355.11
110	4709925.266
111	4683211.681
112	4653094.173
113	4639299.413
114	4615488.909
115	4590424.491
116	4572112.683
117	4555753.532
118	4530792.707
119	4506115.333
120	4487181.51
121	4475410.28
122	4436848.207
123	4414208.161
124	4387599.491
125	4357703.06
126	4329179.834
127	4321938.06
128	4299174.556
129	4274134.315
130	4252304.126
131	4228939.077
132	4203349.517
133	4179746.86
134	4152035.379
135	4113527.313
136	4082374.441
137	4051832.639
138	4021385.785
139	3991510.357
140	3970687.657
141	3944982.589
142	3928193.026
143	3911125.331
144	3897116.628
145	3875480.905
146	3862535.943
147	3856008.72
148	3829407.747
149	3805846.336
150	3790722.575
151	3772085.939
152	3759377.307
153	3745811.794
154	3728797.04
155	3710001.763
156	3696429.483
157	3679970.643
158	3669951.804
159	3650736.374
160	3630680.181
161	3607577.932
162	3596952.577
163	3587210.348
164	3561743.31
165	3546083.649
166	3536885.52
167	3517363.712
168	3497319.464
169	3478944.264
170	3466236.678
171	3454844.81
172	3432899.989
173	3413288.52
174	3394460.155
175	3379983.67
176	3374887.875
177	3351529.508
178	3341594.627
179	3326944.112
180	3320313.51
181	3307489.097
182	3291129.175
183	3273480.984
184	3253841.346
185	3245491.329
186	3232403.584
187	3217528.601
188	3207256.58
189	3196395.629
190	3179613.613
191	3169673.71
192	3154622.566
193	3149667.915
194	3140179.191
195	3120213.671
196	3104116.935
197	3092318.857
198	3068734.172
199	3063634.123
200	3042656.123
201	3025973.911
202	3013882.674
203	3004836.509
204	2997388.218
205	2991142.745
206	2976659.516
207	2963255.262
208	2957608.998
209	2952113.115
210	2942047.905
211	2931995.482
212	2921344.754
213	2906387.22
214	2894190.861
215	2887541.081
216	2882041.444
217	2872181.759
218	2862436.038
219	2841746.99
220	2830792.731
221	2812316.604
222	2805066.849
223	2794719.498
224	2785333.877
225	2772308.681
226	2767770.54
227	2753992.816
228	2738560.335
229	2725239.654
230	2708509.277
231	2702353.054
232	2684846.532
233	2679026.933
234	2665073.425
235	2651073.373
236	2641909.111
237	2622068.952
238	2606225.889
239	2586948.483
240	2577088.394
241	2564293.869
242	2550845.301
243	2535526.073
244	2523600.641
245	2513961.768
246	2508730.837
247	2501293.674
248	2487556.218
249	2478002.173
250	2461265.004
251	2452818.035
252	2443269.769
253	2429105.846
254	2423437.575
255	2411931.459
256	2402853.769
257	2383249.704
258	2376544.798
259	2372919.274
260	2362788.606
261	2359996.583
262	2355491.179
263	2341829.343
264	2324021.982
265	2317313.029
266	2302699.961
267	2293536.523
268	2285440.954
269	2278282.904
270	2275270.577
271	2268660.308
272	2264699.899
273	2259824.744
274	2251476.933
275	2247077.251
276	2234785.1
277	2229621.347
278	2216896.239
279	2200475.599
280	2189057.362
281	2183650.106
282	2171893.321
283	2160675.557
284	2154415.584
285	2147164.438
286	2137152.588
287	2127502.382
288	2122330.393
289	2117834.708
290	2108706.88
291	2102411.552
292	2094910.32
293	2087881.781
294	2080754.48
295	2074440.866
296	2070190.468
297	2062001.434
298	2055637.556
299	2050075.81
300	2038642.748
301	2028533.513
302	2014855.249
303	2009717.854
304	2007411.245
305	2001999.746
306	1989615.156
307	1981285.048
308	1973773.708
309	1966676.549
310	1959445.424
311	1950113.618
312	1943121.938
313	1932410.444
314	1926700.376
315	1915637.269
316	1910872.266
317	1905632.095
318	1898964.865
319	1895575.141
320	1885296.766
321	1880321.52
322	1871401.327
323	1867587.928
324	1864704.256
325	1859512.424
326	1858317.361
327	1850949.816
328	1842493.509
329	1834756.11
330	1829074.589
331	1827222.854
332	1817423.355
333	1814102.177
334	1806488.676
335	1805957.146
336	1797443.472
337	1790733.68
338	1788140.926
339	1788097.037
340	1785995.104
341	1776433.059
342	1776393.318
343	1774072.603
344	1770555.739
345	1770519.248
346	1770483.982
347	1763505.406
348	1758283.505
349	1754080.237
350	1749409.403
351	1746484.476
352	1742412.002
353	1737800.784
354	1733616.077
355	1729161.617
356	1722162.237
357	1715935.743
358	1707226.221
359	1701991.041
360	1696992.674
361	1695430.237
362	1686341.521
363	1681263.117
364	1677869.079
365	1673204.109
366	1670174.881
367	1665139.665
368	1663591.463
369	1655040.864
370	1651996.414
371	1645745.761
372	1636152.455
373	1631113.37
374	1627178.992
375	1624557.956
376	1619565.69
377	1612640.318
378	1605352.706
379	1596776.253
380	1590941.588
381	1583331.395
382	1577492.314
383	1570874.997
384	1564720.418
385	1558810.407
386	1554918.535
387	1549041.837
388	1543448.83
389	1536498.118
390	1530839.553
391	1527551.313
392	1524520.291
393	1521057.506
394	1519622.385
395	1516987.333
396	1514843.341
397	1508015.496
398	1504064.774
399	1498514.2
400	1494206.022
401	1487585.704
402	1482062.816
403	1476987.371
404	1471767.611
405	1469638.009
406	1467051.896
407	1461413.847
408	1456530.347
409	1449556.838
410	1444495.642
411	1440830.239
412	1436631.565
413	1432035.967
414	1426092.324
415	1423566.196
416	1419864.264
417	1416231.572
418	1412404.239
419	1406051.134
420	1402652.438
421	1401041.861
422	1392853.553
423	1388499.293
424	1383069
425	1379866.027
426	1376710.176
427	1375563.19
428	1369927.041
429	1366574.793
430	1366460.262
431	1362107.056
432	1361988.657
433	1357341.879
434	1357084.594
435	1351898.199
436	1346278.392
437	1342510.569
438	1338800.423
439	1338714.737
440	1338501.455
441	1338455.092
442	1334591.309
443	1332089.077
444	1328000.245
445	1327942.272
446	1324370.361
447	1324314.657
448	1323265.239
449	1323221.059
450	1319555.627
451	1317059.786
452	1314899.552
453	1311524.918
454	1310659.073
455	1305792.695
456	1305605.612
457	1305540.355
458	1303054.72
459	1303020.635
460	1302952.961
461	1301850.342
462	1300201.07
463	1297330.611
464	1295593.372
465	1292345.914
466	1286570.538
467	1283377.929
468	1277070.844
469	1275075.665
470	1270251.286
471	1266164.32
472	1264696.93
473	1257739.849
474	1254215.283
475	1250612.292
476	1249390.529
477	1246743.143
478	1244342.298
479	1240900.401
480	1239575.275
481	1235749.004
482	1231315.973
483	1229679.378
484	1227223.756
485	1221448.986
486	1217704.654
487	1216646.869
488	1213621.386
489	1211094.162
490	1209590.495
491	1205633.376
492	1202198.78
493	1199446.594
494	1195518.283
495	1193733.63
496	1191700.093
497	1190943.608
498	1188876.198
499	1184184.895
500	1183396.172
501	1182383.04
502	1178578.675
503	1175669.048
504	1172827.877
505	1170929.327
506	1166125.977
507	1164150.302
508	1162444.519
509	1160273.134
510	1158337.195
511	1154257.408
512	1149220.012
513	1148608.823
514	1145779.035
515	1143317.028
516	1140859.896
517	1138909.813
518	1135709.114
519	1132927.446
520	1130295.854
521	1128164.784
522	1123908.557
523	1120821.82
524	1118734.07
525	1116690.574
526	1114334.595
527	1109600.61
528	1108421.68
529	1105517.391
530	1103505.697
531	1101065.921
532	1097597.12
533	1095046.578
534	1092931.533
535	1090947.702
536	1087422.136
537	1085298.713
538	1083952.613
539	1082000.473
540	1078704.618
541	1077852.955
542	1075984.408
543	1074121.987
544	1071527.658
545	1070580.031
546	1069032.805
547	1067524.39
548	1065263.777
549	1062890.326
550	1059426.475
551	1055452.357
552	1052254.3
553	1047667.669
554	1045952.912
555	1044667.217
556	1041918.897
557	1041244.264
558	1038681.082
559	1036757.335
560	1034459.718
561	1033123.181
562	1031323.227
563	1029910.345
564	1026603.257
565	1023978.88
566	1022283.944
567	1020883.149
568	1019233.265
569	1016816.05
570	1016178.14
571	1013243.792
572	1012299.471
573	1009795.765
574	1007201.787
575	1004189.057
576	1001574.673
577	998560.9422
578	997145.7455
579	994728.3937
580	993095.3697
581	990939.7472
582	987493.2358
583	985156.506
584	982765
585	980116.5435
586	975818.6359
587	974495.5549
588	972813.7631
589	970290.6686
590	967355.3208
591	963513.7072
592	960909.6331
593	958028.3928
594	955403.5663
595	952980.6568
596	950141.2519
597	948183.0387
598	946629.0762
599	946148.0996
600	943799.1604
601	939964.4456
602	936700.0018
603	934310.283
604	932444.6106
605	930949.7488
606	929408.646
607	927517.9816
608	926130.4763
609	924247.348
610	922897.4591
611	921523.2519
612	919667.8738
613	918595.7248
614	915997.698
615	915240.6364
616	911488.1603
617	908066.1095
618	906579.4153
619	904448.8081
620	901080.4444
621	900197.9237
622	897249.7744
623	894730.4787
624	893553.892
625	892084.7222
626	888454.1127
627	885911.9713
628	884316.5935
629	881932.9455
630	879383.2891
631	875790.5313
632	872390.2518
633	869143.4938
634	867451.5535
635	863942.1223
636	862382.59
637	860775.1428
638	859929.6527
639	857585.9306
640	856551.4322
641	852960.3882
642	851308.3335
643	849933.5235
644	848467.6338
645	846588.2403
646	845210.7067
647	843152.0617
648	840937.6519
649	840546.4926
650	839234.1241
651	839226.8013
652	836633.1569
653	833767.0428
654	830264.0803
655	829194.2272
656	827901.742
657	825895.6998
658	824592.0114
659	822814.0701
660	820814.0518
661	820450.2153
662	817341.264
663	815614.4565
664	813433.2305
665	811756.2052
666	811080.8511
667	809320.2145
668	807653.6445
669	805623.3343
670	803421.162
671	802156.5443
672	801378.0097
673	799920.4197
674	798901.6002
675	798143.2686
676	797439.0454
677	795982.9746
678	795106.2444
679	794011.4218
680	793425.2043
681	792697.7031
682	791006.0455
683	789028.8242
684	786480.479
685	785517.3881
686	785511.7291
687	783811.5406
688	780972.6947
689	779690.3806
690	778249.7012
691	776066.406
692	774662.14
693	773144.2074
694	771500.8965
695	769981.4764
696	768478.9353
697	766859.6542
698	765588.6407
699	763733.9812
700	761942.0955
701	761935.6346
702	760556.6396
703	759418.3273
704	758095.001
705	757372.9444
706	756163.375
707	754465.0982
708	753270.0512
709	751477.7724
710	750867.0666
711	750060.0022
712	749255.5011
713	748518.6437
714	745923.582
715	744899.1665
716	743116.2708
717	742222.304
718	741194.843
719	739756.2911
720	738389.7775
721	736862.1725
722	735073.129
723	733423.8588
724	731701.2271
725	729771.6626
726	728262.9598
727	727216.4061
728	726291.742
729	725483.0657
730	724798.7929
731	723765.6796
732	722016.7874
733	721165.3802
734	720635.3501
735	719642.9026
736	717790.0966
737	716699.9421
738	714567.4259
739	713824.7069
740	712800.6543
741	711653.1103
742	710391.9265
743	710164.939
744	708921.2593
745	707256.4997
746	705368.8994
747	703882.3575
748	702828.3999
749	702011.3685
750	701056.6618
751	699483.8532
752	697929.1088
753	696536.0689
754	695313.5895
755	693456.1442
756	691282.3785
757	690564.1831
758	689571.6707
759	687608.2544
760	686833.6155
761	685948.1532
762	684425.9893
763	683315.2707
764	682730.1427
765	681941.2885
766	680876.3114
767	679766.2201
768	679452.0744
769	678350.6508
770	677087.9151
771	675349.7246
772	673773.6161
773	673406.0573
774	672344.4669
775	670223.1934
776	668937.1641
777	667434.6903
778	666055.3316
779	665000.4016
780	664300.6028
781	663373.7512
782	662253.9086
783	661622.5317
784	660770.3028
785	660190.8824
786	659344.4375
787	658862.8135
788	657753.6256
789	657094.4405
790	655520.4997
791	653493.118
792	653211.2965
793	651412.0757
794	650791.3153
795	650442.0677
796	649801.1919
797	648794.4915
798	647278.3569
799	646004.966
800	644786.0515
801	644277.7006
802	642604.2923
803	642284.4657
804	641627.9666
805	640112.4831
806	639122.2777
807	638628.8964
808	637491.4679
809	636459.5464
810	635774.8534
811	634598.722
812	634238.5386
813	633382.6616
814	632037.1714
815	631537.319
816	631160.0663
817	630116.6885
818	629132.4678
819	627833.6074
820	626615.5596
821	625654.2345
822	624471.581
823	623696.1607
824	622293.3507
825	621429.2341
826	620958.8741
827	620784.5052
828	620299.9261
829	619373.569
830	618442.7734
831	617696.1999
832	616861.9981
833	614879.8757
834	614211.6619
835	612722.4654
836	611675.7617
837	610219.0615
838	608911.6305
839	608311.8603
840	607657.1091
841	606082.5468
842	604275.5097
843	603215.4785
844	602552.1512
845	601860.834
846	600763.5749
847	600107.0433
848	599137.4356
849	598640.381
850	597875.0489
851	597461.145
852	596487.7905
853	595441.2948
854	593639.4602
855	593115.2183
856	592464.5398
857	591933.0344
858	590772.821
859	589693.1262
860	588548.8442
861	588102.8638
862	587440.1769
863	586981.5075
864	586726.238
865	585695.5521
866	584639.9466
867	584244.2519
868	582769.8322
869	582025.9143
870	581575.1852
871	581002.8061
872	580607.463
873	579904.0062
874	578229.5914
875	577015.9234
876	575528.0246
877	575201.7256
878	574484.5331
879	573704.2424
880	572723.8851
881	571615.4396
882	570644.5552
883	569723.8696
884	568787.1485
885	567800.9677
886	567317.5321
887	566513.512
888	565489.405
889	564464.2832
890	563548.5105
891	563033.9972
892	562136.674
893	561115.5926
894	560731.2852
895	559953.0796
896	559284.9358
897	558306.4252
898	558302.8414
899	557606.0233
900	556898.8572
901	556364.3754
902	554922.3343
903	554509.8323
904	554241.1358
905	553492.4432
906	552608.6981
907	551988.6177
908	549854.9618
909	549179.5641
910	547888.648
911	547375.832
912	546862.0684
913	546331.8935
914	546328.6075
915	545206.9743
916	543909.1717
917	542573.2044
918	542359.9936
919	541667.9112
920	541103.0371
921	540562.4334
922	539959.9575
923	539955.7574
924	539129.1017
925	538402.9055
926	538025.892
927	537058.0705
928	535937.5687
929	535534.74
930	534746.5526
931	533959.28
932	533294.4134
933	532631.0533
934	530525.2243
935	529956.6222
936	529094.2533
937	527800.4552
938	526466.4842
939	525732.7217
940	525091.6187
941	524461.4745
942	523615.2846
943	523057.0022
944	522281.6484
945	521580.2091
946	520259.384
947	519239.2392
948	518588.9999
949	517821.1233
950	516570.4105
951	515916.3981
952	515269.3371
953	514453.3375
954	513515.4737
955	512593.475
956	511537.7137
957	510615.6023
958	510224.7748
959	509823.2725
960	508860.455
961	508285.3731
962	507758.0774
963	507243.0615
964	506888.7889
965	505653.0726
966	504685.0429
967	503878.2998
968	503054.584
969	502625.6261
970	501784.4652
971	501240.1292
972	500628.0966
973	500337.4074
974	499556.8505
975	498395.9654
976	497269.3206
977	496885.6986
978	496097.8787
979	495094.4992
980	494323.3124
981	494002.9214
982	493314.0707
983	492816.919
984	491810.6075
985	490950.641
986	490275.5763
987	489569.0753
988	488426.9501
989	487571.176
990	486979.5024
991	486277.4308
992	484834.4505
993	484457.352
994	483875.6704
995	483517.9562
996	483117.0454
997	482639.5775
998	481917.7393
999	481608.5943
1000	480960.8815
1001	480412.8951
1002	480259.9149
1003	479780.2153
1004	479171.1666
1005	478074.6254
1006	477740.285
1007	477363.5926
1008	476941.9974
1009	476448.5552
1010	475452.5305
1011	475294.1712
1012	475003.5001
1013	474469.2021
1014	474207.3828
1015	473640.7791
1016	472928.0728
1017	472277.3217
1018	471511.5965
1019	470753.6644
1020	470485.1438
1021	469954.4816
1022	469435.1544
1023	468216.7459
1024	467703.2137
1025	467231.5844
1026	466420.1998
1027	465843.5888
1028	465410.142
1029	464930.4599
1030	463978.9119
1031	463465.9963
1032	463273.2074
1033	462814.7328
1034	462353.5676
1035	461438.0403
1036	460952.1643
1037	460576.4772
1038	459773.5337
1039	459305.9751
1040	458593.5687
1041	458324.6824
1042	458010.5084
1043	457144.9026
1044	456599.7512
1045	456302.6695
1046	455995.5297
1047	455768.942
1048	454677.2136
1049	454365.0747
1050	453945.1472
1051	453676.9552
1052	453279.1313
1053	452959.9754
1054	452355.9635
1055	451988.0742
1056	451409.9162
1057	450553.8991
1058	450032.1441
1059	449629.7047
1060	449281.5595
1061	448863.402
1062	447938.5692
1063	447236.4693
1064	446689.4772
1065	445922.6325
1066	445532.454
1067	444913.5322
1068	444723.1394
1069	444048.6417
1070	443545.9516
1071	442960.1767
1072	442546.8409
1073	442002.6072
1074	441739.4047
1075	441344.5408
1076	440977.1685
1077	440344.2927
1078	440144.5206
1079	439513.1173
1080	439368.7063
1081	438643.1111
1082	438107.1539
1083	437247.5814
1084	436781.3267
1085	436684.3296
1086	435443.4796
1087	435025.5622
1088	434528.197
1089	433809.4532
1090	432932.88
1091	432361.3676
1092	431893.6418
1093	431262.3597
1094	430825.154
1095	430409.3812
1096	429619.645
1097	429065.3578
1098	428165.4259
1099	427410.7261
1100	426763.285
1101	426459.1194
1102	426031.6328
1103	425292.9417
1104	424533.0165
1105	423746.918
1106	423250.5969
1107	422895.6996
1108	422574.3488
1109	421911.0062
1110	421464.2629
1111	420977.8883
1112	420884.8024
1113	420630.2368
1114	420611.3128
1115	420064.9593
1116	419692.48
1117	419280.2926
1118	418907.695
1119	418397.8619
1120	418020.3189
1121	417417.7367
1122	416825.9266
1123	416561.7228
1124	415595.3389
1125	415157.4139
1126	414858.1442
1127	414771.9913
1128	413787.6306
1129	413362.735
1130	413016.4397
1131	412360.9016
1132	411923.9814
1133	411424.285
1134	411307.6753
1135	411086.899
1136	410445.5815
1137	409742.9308
1138	409329.9008
1139	409152.5913
1140	408795.5383
1141	407926.4164
1142	406602.2714
1143	406110.5627
1144	405230.4378
1145	404850.6272
1146	404178.4389
1147	403361.7271
1148	403258.593
1149	402652.3739
1150	402163.0164
1151	401533.3674
1152	400879.6116
1153	400535.923
1154	400083.4237
1155	399528.9371
1156	399260.9241
1157	399074.3855
1158	398547.8981
1159	398163.7558
1160	397397.4818
1161	396696.1743
1162	395747.4441
1163	395563.2353
1164	395331.3789
1165	394838.1499
1166	394333.7631
1167	394124.176
1168	393725.2554
1169	393372.1774
1170	392967.6661
1171	392558.4027
1172	392356.9508
1173	392116.9709
1174	391554.6373
1175	391110.5208
1176	390636.7194
1177	390046.1373
1178	389557.2113
1179	388917.3042
1180	388624.575
1181	388299.7793
1182	388233.728
1183	387721.7768
1184	387658.3908
1185	387150.2615
1186	386827.489
1187	386610.2933
1188	386234.7336
1189	385693.0716
1190	385541.3268
1191	384751.2786
1192	383849.2476
1193	383582.536
1194	383139.7116
1195	382954.0167
1196	382627.4142
1197	382208.9266
1198	382025.3955
1199	381676.2199
1200	380921.8025
1201	380520.185
1202	379740.3474
1203	379232.779
1204	378884.5427
1205	378526.0969
1206	378160.7675
1207	377809.1177
1208	377183.9996
1209	376922.5892
1210	376268.6859
1211	376040.934
1212	375468.7788
1213	375121.4407
1214	374639.0587
1215	374111.5764
1216	373657.482
1217	372901.3576
1218	372488.2747
1219	371825.9659
1220	371375.0613
1221	370916.181
1222	370354.1844
1223	369895.6549
1224	369540.7583
1225	369088.7627
1226	368736.3721
1227	368615.5274
1228	367995.2969
1229	367258.4134
1230	366969.26
1231	366272.7254
1232	365987.7177
1233	365513.2674
1234	365096.9189
1235	364688.699
1236	363801.1003
1237	363535.8198
1238	363034.0164
1239	362712.4679
1240	362180.3106
1241	361409.3652
1242	360984.3559
1243	360956.5116
1244	360458.1601
1245	360130.6187
1246	359596.1864
1247	359163.4
1248	358925.2413
1249	358669.6655
1250	358273.7959
1251	358061.5474
1252	357397.9873
1253	357038.8173
1254	356599.887
1255	356360.6731
1256	356075.8758
1257	355789.1634
1258	355514.6902
1259	355126.4548
1260	354776.0741
1261	354183.3205
1262	353576.5455
1263	353459.9948
1264	353290.4338
1265	352852.3483
1266	352636.2017
1267	352512.9672
1268	352004.5517
1269	351450.0006
1270	351324.5865
1271	350925.9222
1272	350062.8173
1273	349590.3762
1274	348782.1469
1275	348287.5981
1276	347994.1547
1277	347711.5523
1278	347471.8962
1279	347215.3897
1280	346938.3265
1281	346642.6258
1282	346016.8489
1283	345444.4958
1284	345066.9581
1285	344478.0093
1286	344233.3082
1287	343776.5213
1288	343431.8554
1289	342859.7461
1290	342562.591
1291	342354.5917
1292	342030.2517
1293	341753.0076
1294	341258.0546
1295	341079.1589
1296	340495.1893
1297	340255.2698
1298	339947.9218
1299	339776.0864
1300	339432.093
1301	339146.9296
1302	338578.8974
1303	338436.148
1304	338057.6425
1305	337925.7522
1306	337718.505
1307	337494.8186
1308	337129.9873
1309	336925.1784
1310	336640.1003
1311	336028.5846
1312	335688.0147
1313	335248.7935
1314	334863.0399
1315	334785.3359
1316	334575.593
1317	333973.7314
1318	333723.1098
1319	333356.9046
1320	333045.3375
1321	332674.7806
1322	332546.2967
1323	332214.3836
1324	331826.8725
1325	331380.5713
1326	331019.9317
1327	330521.3125
1328	330274.2214
1329	330058.3957
1330	329632.0204
1331	329060.1339
1332	328709.1552
1333	328190.1776
1334	327867.9646
1335	327270.2126
1336	327035.2883
1337	326821.9104
1338	326274.0322
1339	326100.9196
1340	325653.1547
1341	325326.9295
1342	324935.3618
1343	324582.2202
1344	324142.5881
1345	323798.2036
1346	323639.4194
1347	323154.0238
1348	323022.8902
1349	322670.7537
1350	322139.2285
1351	321954.3726
1352	321447.3753
1353	321174.3442
1354	320800.1659
1355	320591.4328
1356	320328.5545
1357	319949.0122
1358	319719.8949
1359	319505.0803
1360	319288.8525
1361	319173.1876
1362	318862.7207
1363	318668.8953
1364	318249.5858
1365	317828.2342
1366	317491.3886
1367	317027.9326
1368	316730.8957
1369	316218.9615
1370	315656.6859
1371	315224.3162
1372	315024.6051
1373	314496.6512
1374	314134.2471
1375	313955.4803
1376	313493.3618
1377	313341.9257
1378	312616.1791
1379	312201.1616
1380	312039.9007
1381	311747.1156
1382	311557.8585
1383	311396.2368
1384	311159.6762
1385	311030.15
1386	310373.421
1387	310086.7861
1388	309638.8887
1389	309471.4565
1390	309296.3259
1391	308766.4489
1392	308518.899
1393	308234.9714
1394	308145.8562
1395	307808.1474
1396	307564.4912
1397	307024.4493
1398	306944.5627
1399	306752.6013
1400	306490.7226
1401	306252.0033
1402	306110.9026
1403	305626.6075
1404	305436.2155
1405	305209.087
1406	304953.7033
1407	304728.1282
1408	304433.0718
1409	304158.5607
1410	303785.5991
1411	303568.7047
1412	303413.2542
1413	303033.3031
1414	302895.8638
1415	302645.7537
1416	302357.3617
1417	302224.7817
1418	301747.7665
1419	301370.0552
1420	300957.105
1421	300651.0204
1422	300125.4497
1423	299946.6505
1424	299664.3897
1425	299464.8075
1426	299252.6047
1427	299075.448
1428	298953.3518
1429	298778.5102
1430	298352.0058
1431	298079.8476
1432	297875.4943
1433	297425.7703
1434	297284.1407
1435	296949.0379
1436	296840.9919
1437	296469.8975
1438	296103.7927
1439	295888.5734
1440	295573.5073
1441	295130.9904
1442	294986.2324
1443	294740.43
1444	294599.1414
1445	294520.3942
1446	294136.274
1447	293769.779
1448	293693.9292
1449	293424.3757
1450	293347.4927
1451	292726.3791
1452	292274.5292
1453	292199.2154
1454	291712.35
1455	291250.9477
1456	290988.0103
1457	290505.7226
1458	290356.6311
1459	290236.7799
1460	289680.6451
1461	289375.6318
1462	289061.0043
1463	288864.7177
1464	288696.501
1465	288491.7507
1466	288286.5344
1467	288139.5815
1468	287702.1754
1469	287297.5851
1470	287146.7459
1471	287031.6326
1472	286624.6965
1473	286476.7287
1474	286324.7433
1475	286197.7783
1476	285896.71
1477	285777.9835
1478	285483.5173
1479	285330.9475
1480	284748.6202
1481	284653.2979
1482	284166.5004
1483	283944.5528
1484	283790.5018
1485	283631.6808
1486	283453.7686
1487	283058.5358
1488	282899.0282
1489	282683.5246
1490	282287.8813
1491	281971.8049
1492	281701.8327
1493	281165.1873
1494	280907.2023
1495	280651.5716
1496	280442.832
1497	280281.8178
1498	280142.4298
1499	279964.1312
1500	279850.2348
1501	279614.411
1502	279310.2611
1503	279138.9857
1504	278896.3707
1505	278820.3001
1506	278512.5658
1507	278133.7287
1508	278006.7954
1509	277455.84
1510	277248.2429
1511	277136.2784
1512	277037.6122
1513	276961.9784
1514	276803.0407
1515	276664.5073
1516	276300.5244
1517	276170.6505
1518	276033.4921
1519	275812.2664
1520	275535.2867
1521	275259.0345
1522	274920.0653
1523	274496.4825
1524	274367.6283
1525	274095.8355
1526	273721.8934
1527	273437.6192
1528	273140.9105
1529	273068.3995
1530	272885.31
1531	272629.5082
1532	272508.8352
1533	272364.6465
1534	272277.953
1535	272058.0614
1536	271927.4305
1537	271752.2693
1538	271451.0464
1539	271240.075
1540	271005.0181
1541	270876.6216
1542	270591.9313
1543	270459.9893
1544	270014.9653
1545	269852.312
1546	269671.4882
1547	269502.1642
1548	269259.683
1549	268875.0392
1550	268638.389
1551	268486.3293
1552	268215.041
1553	268040.7802
1554	267765.8621
1555	267400.3872
1556	267245.8676
1557	267164.2499
1558	266984.1882
1559	266837.4292
1560	266420.7023
1561	266195.3707
1562	266014.4048
1563	265918.8821
1564	265736.3271
1565	265560.9042
1566	265227.4485
1567	264934.2339
1568	264775.7224
1569	264398.7922
1570	264310.7212
1571	264209.7899
1572	264068.0922
1573	263886.3471
1574	263815.1775
1575	263546.6486
1576	263392.7546
1577	263147.2737
1578	262817.7434
1579	262643.8809
1580	262333.1761
1581	262012.192
1582	261559.4592
1583	261450.5194
1584	261363.4127
1585	260994.7669
1586	260737.0717
1587	260537.9745
1588	260383.6472
1589	259899.7627
1590	259719.5778
1591	259468.789
1592	259302.8732
1593	258791.9787
1594	258601.9599
1595	258446.4369
1596	258422.287
1597	257964.2797
1598	257827.7516
1599	257632.1046
1600	257529.5629
1601	257336.9744
1602	257333.4702
1603	257220.6475
1604	257070.229
1605	256804.4847
1606	256494.9543
1607	256094.2205
1608	255755.0232
1609	255684.2982
1610	255602.061
1611	255491.5402
1612	255307.1433
1613	254964.7316
1614	254696.4535
1615	254456.6396
1616	254038.5814
1617	253882.7497
1618	253674.0347
1619	253564.4657
1620	253341.7224
1621	253217.8062
1622	253134.2985
1623	252796.3794
1624	252557.0167
1625	252376.7301
1626	252137.6633
1627	252052.6345
1628	251835.7638
1629	251570.6278
1630	251304.3599
1631	251168.504
1632	250958.8474
1633	250899.9566
1634	250728.189
1635	250522.4285
1636	250277.2658
1637	250004.0683
1638	249729.098
1639	249519.7683
1640	249212.9545
1641	248922.9417
1642	248714.8857
1643	248129.7598
1644	247758.5357
1645	247436.2171
1646	247167.5771
1647	246900.3683
1648	246773.1678
1649	246672.8678
1650	246623.1321
1651	246524.8759
1652	246444.6452
1653	246320.6616
1654	246215.5138
1655	246057.2729
1656	245628.5903
1657	245531.5931
1658	245232.6173
1659	245098.0322
1660	244725.6865
1661	244513.2976
1662	244321.1864
1663	244283.5277
1664	244192.3145
1665	244031.5766
1666	243889.6747
1667	243641.0281
1668	243551.3865
1669	243300.9271
1670	243055.0878
1671	242840.3323
1672	242518.8591
1673	242362.736
1674	242208.8337
1675	242065.3617
1676	241889.8636
1677	241774.5267
1678	241542.0089
1679	241319.873
1680	240974.7696
1681	240678.9931
1682	240507.0236
1683	240410.8471
1684	240238.649
1685	240002.1501
1686	239742.966
1687	239594.2288
1688	239351.9169
1689	239246.6227
1690	238985.8607
1691	238799.665
1692	238627.2867
1693	238452.598
1694	238372.2596
1695	238207.4425
1696	238112.4867
1697	237998.2305
1698	237825.9757
1699	237734.8745
1700	237453.2414
1701	237028.7908
1702	236926.7159
1703	236833.2975
1704	236750.7562
1705	236446.0677
1706	236359.7022
1707	236076.1718
1708	235920.4813
1709	235554.8381
1710	235240.9664
1711	234931.4736
1712	234693.9879
1713	234508.8421
1714	234452.6628
1715	234131.3549
1716	233990.8384
1717	233810.1505
1718	233711.7324
1719	233496.4696
1720	233355.2435
1721	233207.3749
1722	232875.4036
1723	232431.2383
1724	232117.2666
1725	231912.217
1726	231791.2257
1727	231614.9225
1728	231467.1016
1729	231298.5892
1730	231194.2556
1731	230989.9371
1732	230908.0108
1733	230839.4383
1734	230667.3378
1735	230426.6197
1736	230336.7629
1737	230105.3168
1738	229998.9851
1739	229921.8675
1740	229824.4567
1741	229578.2583
1742	229462.9594
1743	229371.7045
1744	229283.2788
1745	229093.7262
1746	228893.8641
1747	228702.0396
1748	228532.1838
1749	228350.4653
1750	228086.947
1751	227963.4538
1752	227880.5884
1753	227709.1784
1754	227497.108
1755	227447.218
1756	227343.5335
1757	227273.0006
1758	226976.7671
1759	226828.9365
1760	226574.5313
1761	226422.8958
1762	226197.0209
1763	226095.7626
1764	226014.2623
1765	225939.3346
1766	225738.707
1767	225417.4738
1768	225153.9619
1769	225029.1168
1770	224761.0632
1771	224601.6689
1772	224299.8773
1773	224029.7675
1774	223946.7984
1775	223618.0767
1776	223450.0205
1777	223375.5909
1778	223324.2164
1779	223195.7342
1780	223078.878
1781	223045.7335
1782	222962.4559
1783	222858.9946
1784	222729.8062
1785	222646.9722
1786	222497.4871
1787	222400.3143
1788	222171.1691
1789	222097.5048
1790	221878.1057
1791	221814.5619
1792	221622.2728
1793	221529.2592
1794	221429.0174
1795	221240.6269
1796	221154.1801
1797	220932.1587
1798	220889.0321
1799	220714.9048
1800	220550.9834
1801	220400.8151
1802	220237.978
1803	220196.1966
1804	220005.9947
1805	219957.8899
1806	219762.7702
1807	219509.7742
1808	219337.9382
1809	219316.235
1810	218916.778
1811	218834.8779
1812	218804.1271
1813	218692.8221
1814	218516.4509
1815	218144.6522
1816	218067.5668
1817	217995.1422
1818	217938.9904
1819	217800.1499
1820	217601.0714
1821	217517.1653
1822	217384.8187
1823	217328.3203
1824	217120.6014
1825	217058.7237
1826	216956.7084
1827	216785.1249
1828	216562.9076
1829	216511.0347
1830	216425.2085
1831	216251.974
1832	216096.938
1833	215878.833
1834	215714.481
1835	215661.1474
1836	215530.2391
1837	215486.1522
1838	215413.6738
1839	215238.8318
1840	214970.0116
1841	214671.759
1842	214551.3794
1843	214324.1207
1844	214167.7461
1845	214089.0098
1846	213957.3807
1847	213678.267
1848	213518.0031
1849	213361.1377
1850	213236.9495
1851	213174.5204
1852	213033.8219
1853	212826.6617
1854	212711.4171
1855	212480.7383
1856	212394.4822
1857	212159.5146
1858	212058.9811
1859	211785.2627
1860	211573.9697
1861	211396.4977
1862	211306.7477
1863	211285.4134
1864	211142.7385
1865	210962.0033
1866	210854.3715
1867	210679.3254
1868	210542.7695
1869	210524.9229
1870	210482.2141
1871	210299.0863
1872	210205.2698
1873	210059.1413
1874	210016.8976
1875	209952.5617
1876	209807.4435
1877	209551.172
1878	209472.4043
1879	209399.6877
1880	209268.6573
1881	209076.1953
1882	208963.4025
1883	208868.7128
1884	208728.5584
1885	208629.1493
1886	208598.6206
1887	208490.6484
1888	208226.1485
1889	207972.9516
1890	207737.1405
1891	207641.5037
1892	207532.6661
1893	207409.0446
1894	207301.2083
1895	207204.642
1896	207067.77
1897	206959.9965
1898	206806.2576
1899	206729.5372
1900	206680.0533
1901	206551.8078
1902	206333.2187
1903	206321.4451
1904	206211.3888
1905	206102.6227
1906	205944.8569
1907	205869.4783
1908	205719.8837
1909	205615.9186
1910	205513.4508
1911	205424.0356
1912	205290.8706
1913	205182.685
1914	205124.5465
1915	204985.3583
1916	204869.1585
1917	204790.9937
1918	204632.6975
1919	204576.3297
1920	204539.2515
1921	204353.5161
1922	204190.1731
1923	204110.7811
1924	203885.5601
1925	203811.5561
1926	203715.2563
1927	203542.9077
1928	203463.703
1929	203378.5592
1930	203225.5108
1931	203178.2775
1932	202958.2522
1933	202797.3712
1934	202708.6492
1935	202637.7448
1936	202562.3666
1937	202454.2057
1938	202138.0598
1939	201946.1306
1940	201933.8964
1941	201790.1261
1942	201684.3625
1943	201513.4627
1944	201435.565
1945	201356.1567
1946	201312.6619
1947	201248.6757
1948	201173.9859
1949	201102.0478
1950	201038.307
1951	200901.7558
1952	200833.7952
1953	200724.7409
1954	200592.9432
1955	200419.1487
1956	200232.6982
1957	200106.8602
1958	200059.336
1959	199977.3516
1960	199894.4272
1961	199735.5023
1962	199531.5754
1963	199386.0674
1964	199321.4863
1965	199272.7109
1966	199074.6376
1967	198946.5638
1968	198746.0749
1969	198683.706
1970	198634.1939
1971	198589.8783
1972	198522.503
1973	198358.8967
1974	198181.948
1975	197928.8657
1976	197866.5623
1977	197751.2335
1978	197632.6528
1979	197565.7986
1980	197503.5718
1981	197386.4909
1982	197313.5194
1983	197205.6334
1984	197105.9765
1985	197045.9668
1986	196950.75
1987	196904.3957
1988	196792.0653
1989	196689.0855
1990	196491.2984
1991	196461.9895
1992	196365.0249
1993	196285.4225
1994	196156.8842
1995	196020.9958
1996	195868.23
1997	195773.2678
1998	195735.3212
1999	195638.462
